time,short distance,hyper volume,B4TWR7.fasta.txt

2211.925537,0.573615,0.500604
2223.789551,0.566741,0.493051
2234.200684,0.565695,0.499439
