time,short distance,hyper volume,A4Y1B6.fasta.txt

1971.748901,0.546097,0.525568
1963.336670,0.546443,0.524640
1967.546143,0.555680,0.527153
