time,short distance,hyper volume,B3LS90.fasta.txt

2831.328125,0.516625,0.551340
2831.961182,0.506867,0.560196
2824.073730,0.508231,0.560479
