time,short distance,hyper volume,Q89BP2.fasta.txt

2366.582520,0.577565,0.496320
2396.444092,0.573824,0.502029
2379.014648,0.583497,0.494782
