time,short distance,hyper volume,Q91X51.fasta.txt

2379.030518,0.569908,0.514441
2410.526123,0.569931,0.516303
2396.040283,0.572115,0.515493
