time,short distance,hyper volume,Q5VZP5.fasta.txt

2810.730469,0.496273,0.607967
2808.894287,0.495684,0.617496
2816.326904,0.497815,0.609305
